Portugiesisch;Deutsch;Notiz
Abordar;ansprechen / zugehen auf;abordar alguém
abrir;öffnen;
Abrir um restaurante;ein Restaurant eröffnen;
Acelerar;beschleunigen;o coração acelera
acertar;"sich einigen, etwas abmachen; auch: treffen, richtig liegen";Lehrer: Desde que eu acertei. In Portugal sagt man für abmachen normalerweise combinar.
achar;glauben, finden (Meinung);"Sein häufigster Satzanfang: ""Acho que..."". Unterschied zu saber: achar = vermuten, saber = sicher wissen."
acontecer;passieren, geschehen;Klasse: Os problemas vão acontecer com mais frequência. Nach se steht die Form acontecer (Futuro do Conjuntivo).
acordar;aufwachen;"Präsens: eu acordo. Vergangenheit: eu acordei. Nicht verwechseln mit ""estava acordado"" (ich war wach)."
admitir;zugeben;
almoçar;zu Mittag essen;Achtung: ç!
apanhar;nehmen / fangen;z.B. metro, autocarro
aprender;lernen;
Aproveitar;genießen;aproveite as tuas cervejas!
Aproximar-se;sich nähern / ansprechen;reflexiv im Kontext
Assinar;unterschreiben / sich eintragen;
Assistir;anschauen / zusehen;filme/série assistir
assistir a;zuschauen, sich etwas ansehen;In pt-PT immer mit a: assistir ao jogo. Ohne a (assistir One Piece) ist brasilianisch, deshalb lieber ver benutzen.
Atrasar-se;sich verspäten;reflexiv
Aumentar;erhöhen / steigern;aumentar a distância
baixar;senken, herunterfahren;"""baixar o nível de stress"" — den Stresspegel senken."
beber;trinken;
Brincar;spielen (Kinder);crianças brincam
cair;fallen;eu caio
caminhar / passear;spazieren gehen;
chegar;ankommen;Perfeito-Ich-Form wird mit u geschrieben: cheguei. Klasse: Os meus produtos vão chegar em setembro.
Colocar / Pôr;setzen / legen;
começar;anfangen, beginnen;"Vergangenheit: eu comecei. ""Ainda não comecei."" Vor einem Infinitiv immer mit a: começar a trabalhar."
comer;essen;
comprar;kaufen;"""Onde vais comprar carne?"" — mit ir + Infinitiv als Zukunft."
compreender;verstehen;eu compreendo
Concordar;zustimmen;eu concordo
conhecer;kennen;eu conheço (mit ç!)
conseguir;schaffen / können;eu consigo
construir;bauen;Construí uma casa
Construir uma casa;ein Haus bauen;
Continuar sozinho;alleine weitermachen;
Conversar por mensagem;per Nachricht chatten;
correr;laufen, rennen;Perfeito: corri, correste, correu. Aus der Klasse: Na quarta-feira corri 15 km.
corrigir;korrigieren;eu corrijo (g→j)
cozinhar;kochen;
dar;geben;eu dou
decidir;entscheiden;
Defender-se;sich verteidigen;reflexiv! me defendo
Deitar-se;sich hinlegen / schlafen gehen;reflexiv
descer;hinuntergehen;eu desço (mit ç!)
desestressar;Stress abbauen;
Desfrutar;genießen (Synonym);
desistir;aufgeben, hinschmeißen;"Präsens: eu desisto. Vergangenheit: ele desistiu. ""Eu nunca desisto."""
dever;sollen / müssen;
Diferenciar;unterscheiden;diferenciar espanhol de português
dirigir;fahren / leiten;eu dirijo
discutir;diskutieren;
Disse-me;(er/sie) sagte mir;dizer + Pronomen
Diverti-me;Ich hatte Spaß;divertir-se
dividir;teilen;
dizer;sagen;"Sehr unregelmäßig: eu digo, eu disse, tu disseste. ""Disse que..."" = er/sie sagte, dass..."
Doer;schmerzen / wehtun;
Doeu;es tat weh;doer Pretérito
dormir;schlafen;"Unregelmäßig in der Ich-Form: eu durmo. Vergangenheit aus der Klasse: ""Acho que dormi mal."""
encontrar;treffen / finden;
escrever;schreiben;
Escutar;zuhören / lauschen;eu escuto todos os dias
Esperar;warten;
esquecer-se;vergessen;"eu esqueço-me; reflexiv konjugieren!"
estudar;lernen / studieren;
falar;sprechen / reden;
fazer;machen, tun;Perfeito unregelmäßig: fiz, fizeste, fez. Klasse: Fiz uma vez na terça-feira.
Fazer desporto;Sport machen;PT-PT (BR: esporte)
Fazer perguntas;Fragen stellen;
Focar;sich konzentrieren;
focar-se em;sich konzentrieren auf;In Portugal mit Pronomen: devias focar-te no negócio (em + o wird zu no). Ohne Pronomen klingt es brasilianisch. Ganz unauffällig bist du mit concentrar-se em.
fugir;fliehen;eu fujo
Furar;durchstechen / piercen;
ganhar;gewinnen / verdienen;
Inscrever-se;sich anmelden / einschreiben;z.B. ginásio, curso — reflexiv
jantar;zu Abend essen / Abendessen;
Jogar;spielen (Sport / Spiel);jogar futebol
Lavar-se;sich waschen;reflexiv
ler;lesen;eu leio
Levantar-se;aufstehen;reflexiv
levar;dauern, brauchen (Zeit);"""Leva muito tempo."" levar heißt außerdem mitnehmen, wegbringen."
Melhorar;besser werden / verbessern;vai melhorar
mentir;lügen;eu minto
morar / viver;wohnen / leben;"synonym; Moro/Vivo em Frankfurt"
Mostrar;zeigen;
mudar de;wechseln;"Das ""de"" gehört dazu: ""mudar de fornecedor"". Ohne de heißt mudar verändern, mudar-se heißt umziehen."
Mudar-se;umziehen;reflexiv: De me mudar
Namorar;daten / mit jdm. zusammen sein;
Olhar;schauen (auf etwas);V: olhar para
ouvir;hören;eu ouço (mit ç)
Pagar;bezahlen;
Pagar um serviço;einen Service bezahlen;
Parece;es scheint / sieht aus;parecer
partir;abreisen;
pedir;um etwas bitten, bestellen;Unregelmäßig: eu peço, eu pedi. Nicht verwechseln: perguntar = eine Frage stellen, pedir = um etwas bitten.
Pegar;nehmen / greifen;pegar um avião
perder;verlieren;"Unregelmäßige Ich-Form: eu perco. ""Eu não perco."" Wir-Form Vergangenheit: perdemos."
permitir;erlauben;
piorar;schlimmer werden, verschlechtern;Kommt von pior. In der Klasse als para piorar = und was es noch schlimmer macht.
Planear / Planejar;planen;PT-PT: planear, BR: planejar
poder;können / dürfen;eu posso
pôr;setzen, legen, hineinstecken;"Unregelmäßig: eu ponho, tu pões, eu pus. ""quando pões energia"" = wenn du Energie reinsteckst."
Praticar;üben / praktizieren;Synonym zu treinar
Precisar de;brauchen;precisar de algo
preferir;bevorzugen;eu prefiro
Preparar;vorbereiten;
Preparar comida;Essen zubereiten;
Preparei;ich bereitete zu;preparar Pretérito
procurar;suchen;"""Vou continuar a procurar outras opções."" Für Google-Suche nimmt man procurar, nicht olhar."
produzir;produzieren, herstellen;"""Os meus produtos estão a ser produzidos."" Präsens: eu produzo."
querer;wollen;"Präsens: eu quero. Perfeito: eu quis. Imperfeito: eu queria. ""quis"" = ich wollte und habe es getan, ""queria"" = ich hätte gern."
Reagir;reagieren;
regressar / voltar / retornar;zurückkehren;drei Synonyme
relaxar;entspannen, sich lockern;"Aus der Klasse: ""Leva muito tempo para o corpo relaxar."""
reservar;reservieren, buchen;"Vergangenheit: eu reservei. ""Reservei a minha casa através do Airbnb."""
Reservei;ich habe reserviert;reservar Pretérito
Resolver;lösen;
rir;lachen;
Roubar;stehlen;roubar a tua ideia
saber;wissen / können (gelernt);eu sei + Inf = Fähigkeit
sair;weggehen, aussteigen, ausgehen;Unregelmäßig: eu saio, eu saí, ela saiu. In der Klasse im Sinn von: aus dem Geschäft aussteigen.
seguir;folgen;eu sigo
Sentar-se;sich (hin)setzen;reflexiv
sentir;fühlen;eu sinto
servir;servieren;eu sirvo
subir;hinaufsteigen;ele sobe (Vokalwechsel)
Tentar;versuchen;
Tentaste;du hast versucht;tentar tu
Testar;testen;
Tocar;spielen (Instrument) / berühren;tocar guitarra
tomar;nehmen / trinken;Tomar café
trabalhar;arbeiten;Trabalho com... / como...
traduzir;übersetzen;ele traduz (3.Pers ohne -e)
trazer;bringen;eu trago
treinar;trainieren;"""O relógio sabe quando estou a treinar."" Nomen dazu: o treino."
Treino / Treinar;Training / trainieren;
usar;tragen, benutzen;"""Uso uma pulseira preta."" Für Kleidung und Geräte gleichermaßen."
Variar;variieren;
vender;verkaufen;"""Vender o teu primeiro hambúrguer."" Regelmäßig auf -er."
ver;sehen, anschauen (Filme, Serien);Perfeito: vi, viste, viu. Für Serien sagt man in Portugal ver, nicht assistir: Vou ver One Piece.
vestir;anziehen;eu visto (e→i!)
viajar;reisen;
Voar;fliegen;voar para Moçambique
