Portugiesisch;Deutsch;Notiz
ontem;gestern;Verlangt immer die Vergangenheit. Ontem fui ao ginásio, nie ontem vou.
anteontem;vorgestern;Verlangt die Vergangenheit. Anteontem tive uma reunião.
na semana passada;letzte Woche;Verlangt die Vergangenheit. Na semana passada corri quinze quilómetros.
no mês passado / no ano passado;letzten Monat / letztes Jahr;Verlangt die Vergangenheit. No mês passado estive na Alemanha.
há dois dias / há um ano;vor zwei Tagen / vor einem Jahr;Bei einem abgeschlossenen Ereignis steht die Vergangenheit: há dois meses ela saiu. Dauert die Sache bis heute an, heißt há seit und die Gegenwart bleibt: há dois anos que moro aqui. Und: há dois meses reicht, há dois meses atrás ist doppelt gemoppelt.
normalmente / todos os dias;normalerweise / jeden Tag;Verlangt die Gegenwart: normalmente corro de manhã. Für Gewohnheiten, die früher galten, nimmst du die Erzählvergangenheit: antigamente corria.
ser / ir — Vergangenheit;fui, foste, foi, fomos, foram;Beide Verben haben dieselbe Vergangenheit. Was gemeint ist, sagt der Satz: fui médico heißt ich war Arzt, fui ao cinema heißt ich ging ins Kino. Nur diese eine Zeit ist gleich: in der Erzählvergangenheit heißt ser era und ir heißt ia.
estar — Vergangenheit;estive, estiveste, esteve, estivemos, estiveram;Im Test hast du „estou doente na semana passada“ geschrieben. Estou ist jetzt, estive war letzte Woche.
ter — Vergangenheit;tive, tiveste, teve, tivemos, tiveram;Im Test hast du temos gesagt, wo tivemos hingehörte. Temos ist die Gegenwart, tivemos ist gestern.
vir — Vergangenheit;vim, vieste, veio, viemos, vieram;vim heißt ich kam. Achtung bei vimos: das ist die Gegenwart von vir (wir kommen) und zugleich die Vergangenheit von ver (wir sahen). Wir kamen heißt viemos.
fazer — Vergangenheit;fiz, fizeste, fez, fizemos, fizeram;Der Stamm ist fiz-, nur die er-Form bricht aus und heißt fez.
dizer — Vergangenheit;disse, disseste, disse, dissemos, disseram;Ich und er sind gleich: eu disse, ele disse.
ver — Vergangenheit;vi, viste, viu, vimos, viram;vimos heißt hier wir sahen. Dieselbe Form ist bei vir die Gegenwart wir kommen.
dar — Vergangenheit;dei, deste, deu, demos, deram;dei, deu und deram sind kurz, deshalb leicht zu überhören.
poder — Vergangenheit;pude, pudeste, pôde, pudemos, puderam;pôde für er trägt ein Dach, sonst wäre es nicht von pode zu unterscheiden.
querer — Vergangenheit;quis, quiseste, quis, quisemos, quiseram;Ich und er sind gleich: quis. quis heißt ich wollte in dem Moment, queria heißt ich hätte gern. Verneint ist não quis ein deutliches ich weigerte mich.
saber — Vergangenheit;soube, soubeste, soube, soubemos, souberam;soube ist der Moment, in dem du etwas erfahren hast. Für den Zustand ich wusste nimmst du sabia. Verneint dreht es sich um: não soube heißt ich wusste nicht.
pôr — Vergangenheit;pus, puseste, pôs, pusemos, puseram;pus, pôs. Sehr kurz, sehr unregelmäßig.
trazer — Vergangenheit;trouxe, trouxeste, trouxe, trouxemos, trouxeram;trouxe wird trosse gesprochen. Ich und er sind gleich.
falar — Vergangenheit;falei, falaste, falou, falámos, falaram;So geht jedes regelmäßige Verb auf -ar. Schreib die Wir-Form in Portugal mit Akzent: falámos. Pflicht ist der Akzent seit der Rechtschreibreform aber nicht, in Texten siehst du auch falamos für gestern. Dann entscheidet der Satz.
comer — Vergangenheit;comi, comeste, comeu, comemos, comeram;So geht jedes regelmäßige Verb auf -er. comemos ist Gegenwart und Vergangenheit zugleich, der Satz entscheidet.
partir — Vergangenheit;parti, partiste, partiu, partimos, partiram;So geht jedes regelmäßige Verb auf -ir. partimos ist Gegenwart und Vergangenheit zugleich.
Ontem fui ao ginásio depois do trabalho.;Gestern bin ich nach der Arbeit ins Fitnessstudio gegangen.;Ontem verlangt fui. Genau hier hast du im Test vou geschrieben. Ganze Reihe: fui, foste, foi, fomos, foram.
Na semana passada estive doente e não treinei.;Letzte Woche war ich krank und habe nicht trainiert.;estou wäre jetzt in diesem Moment, für letzte Woche brauchst du estive. Ganze Reihe: estive, estiveste, esteve, estivemos, estiveram.
Anteontem tivemos uma reunião com o fornecedor.;Vorgestern hatten wir ein Treffen mit dem Lieferanten.;Wir-Form: tivemos, nicht temos. Ganze Reihe: tive, tiveste, teve, tivemos, tiveram.
Ontem fiz uma caminhada na montanha com os meus amigos.;Gestern habe ich mit meinen Freunden eine Bergwanderung gemacht.;fiz von fazer. Beachte auch os meus amigos, in Portugal steht vor dem Possessiv der Artikel.
O meu irmão disse que se demitiu no ano passado.;Mein Bruder sagte, dass er letztes Jahr gekündigt hat.;disse von dizer. Nach que rutscht das Pronomen vor das Verb: que se demitiu.
Ontem à noite vi um filme português muito bom.;Gestern Abend habe ich einen sehr guten portugiesischen Film gesehen.;vi von ver. In Portugal sagt man ver um filme, nicht assistir um filme.
Na semana passada corri quinze quilómetros até à praia.;Letzte Woche bin ich fünfzehn Kilometer bis zum Strand gelaufen.;corri ist regelmäßig. Beachte até à praia mit Verschmelzung, nicht até a praia.
Ontem não pude ir à festa porque estava cansado.;Gestern konnte ich nicht zur Party gehen, weil ich müde war.;pude von poder. Im zweiten Teil steht estava, weil es einen Zustand beschreibt.
Há dois meses ela saiu da empresa, mas eu continuei.;Vor zwei Monaten hat sie die Firma verlassen, aber ich habe weitergemacht.;Dein eigener Satz aus der Klasse. Há dois meses reicht, das atrás am Ende ist doppelt gemoppelt.
No mês passado reservei uma casa no Brasil.;Letzten Monat habe ich ein Haus in Brasilien gebucht.;reservei ist regelmäßig auf -ar. Auslöser ist no mês passado.
Ontem dormi mal porque a aula acabou muito tarde.;Gestern habe ich schlecht geschlafen, weil der Kurs sehr spät zu Ende war.;Zwei Vergangenheitsformen in einem Satz: dormi und acabou.
Quando soube da festa, já era tarde.;Als ich von der Party erfuhr, war es schon zu spät.;soube heißt erfuhr, nicht wusste. Era beschreibt den Zustand drumherum.
Ele trouxe o jantar e pusemos tudo na mesa.;Er brachte das Abendessen mit und wir stellten alles auf den Tisch.;trouxe von trazer, pusemos von pôr. Beide sehen fremd aus und brauchen Wiederholung.
Esta semana voltei a ver One Piece.;Diese Woche habe ich wieder angefangen, One Piece zu schauen.;voltar a fazer heißt etwas wieder tun. In Portugal sagt man ver um filme oder assistir a um filme, nie assistir um filme ohne a.
Ontem falei com o meu irmão sobre o casamento.;Gestern habe ich mit meinem Bruder über die Hochzeit gesprochen.;falei ist regelmäßig. Man spricht com alguém sobre alguma coisa.
Eles vieram tarde e nós já tínhamos comido.;Sie kamen spät und wir hatten schon gegessen.;vieram von vir. Tínhamos comido ist die Vorvergangenheit, kommt später dran.
Consegui correr a minha primeira meia maratona.;Ich habe meinen ersten Halbmarathon geschafft.;Dein eigener Satz. consegui von conseguir, regelmäßig auf -ir.
Normalmente faço desporto de manhã, mas ontem não fiz nada.;Normalerweise mache ich morgens Sport, aber gestern habe ich nichts gemacht.;Ein Satz, zwei Zeiten: normalmente zieht faço, ontem zieht fiz.
Hoje vou ao escritório, mas ontem fui ao coworking.;Heute gehe ich ins Büro, aber gestern ging ich ins Coworking.;hoje zieht vou, ontem zieht fui. Dieselbe Wurzel, zwei Zeiten.
Agora estou bem, mas na semana passada estive doente.;Jetzt geht es mir gut, aber letzte Woche war ich krank.;agora zieht estou, na semana passada zieht estive.
Todos os dias corro cinco quilómetros, ontem corri quinze.;Jeden Tag laufe ich fünf Kilometer, gestern bin ich fünfzehn gelaufen.;Bei Verben auf -er und -ir trennt die Ich-Form nur ein Buchstabe: corro und corri, como und comi. Bei -ar-Verben ist der Abstand größer: falo und falei.
Sei que tens razão, mas ontem não soube o que dizer.;Ich weiß, dass du recht hast, aber gestern wusste ich nicht, was ich sagen sollte.;Verneint heißt não soube tatsächlich ich wusste nicht. Bejaht wäre soube der Moment des Erfahrens.
Este mês temos muitos clientes, no mês passado tivemos poucos.;Diesen Monat haben wir viele Kunden, letzten Monat hatten wir wenige.;temos gegen tivemos. Genau dieses Paar hast du im Test verwechselt.
ser — Gegenwart;sou, és, é, somos, são;Für dauerhafte Eigenschaften: sou alemão, é médico. Die Vergangenheit ist dieselbe wie bei ir.
estar — Gegenwart;estou, estás, está, estamos, estão;Für den Moment und den Ort: estou cansado, está em casa. Die Erzählvergangenheit ist regelmäßig (estava), die normale Vergangenheit nicht (estive).
ter — Gegenwart;tenho, tens, tem, temos, têm;tem für er hat und têm für sie haben unterscheiden sich nur durch den Akzent. Für das Alter nimmt man ter: tenho 28 anos.
ir — Gegenwart;vou, vais, vai, vamos, vão;ir plus Grundform ist die normale Zukunft: vou comer heißt ich esse gleich. Die Vergangenheit ist dieselbe wie bei ser.
vir — Gegenwart;venho, vens, vem, vimos, vêm;vimos heißt hier wir kommen. Dieselbe Form ist bei ver die Vergangenheit wir sahen. Wir kamen heißt viemos.
fazer — Gegenwart;faço, fazes, faz, fazemos, fazem;Nur die Ich-Form bricht aus, der Rest läuft normal. Das ç muss sein, sonst spricht man fako.
dizer — Gegenwart;digo, dizes, diz, dizemos, dizem;Ich-Form digo, danach normal.
ver — Gegenwart;vejo, vês, vê, vemos, veem;vês und vê mit Dach, veem mit zwei e.
dar — Gegenwart;dou, dás, dá, damos, dão;dou, dás, dá. Sehr kurz.
poder — Gegenwart;posso, podes, pode, podemos, podem;posso mit zwei s.
querer — Gegenwart;quero, queres, quer, queremos, querem;quer für er ohne Endung.
saber — Gegenwart;sei, sabes, sabe, sabemos, sabem;sei ist die Ausnahme, sabes und sabe sind normal.
pôr — Gegenwart;ponho, pões, põe, pomos, põem;ponho, pões, põe. Das einzige Verb auf -ôr.
trazer — Gegenwart;trago, trazes, traz, trazemos, trazem;trago, danach normal.
Faço desporto três vezes por semana.;Ich mache dreimal pro Woche Sport.;faço mit ç. Alles andere ist normal: fazes, faz, fazemos, fazem.
Digo sempre a verdade.;Ich sage immer die Wahrheit.;digo. Alles andere ist normal: dizes, diz, dizemos, dizem.
Ouço música enquanto corro.;Ich höre Musik, während ich laufe.;ouço mit ç. Alles andere ist normal: ouves, ouve, ouvimos, ouvem.
Peço sempre a mesma coisa no café.;Ich bestelle im Café immer dasselbe.;peço mit ç. pedir heißt bitten oder bestellen, perguntar heißt eine Frage stellen.
Conheço Lisboa muito bem.;Ich kenne Lissabon sehr gut.;conheço mit ç. conhecer für Orte und Menschen, saber für Fakten.
Esqueço-me sempre das chaves.;Ich vergesse immer die Schlüssel.;esqueço mit ç, dazu das angehängte -me. Immer mit de: esqueço-me de.
Consigo correr dez quilómetros sem parar.;Ich schaffe es, zehn Kilometer ohne Pause zu laufen.;consigo heißt ich bringe es zustande. posso heißt ich darf oder ich habe die Möglichkeit: não posso ir, tenho de trabalhar.
Perco sempre o telemóvel.;Ich verliere ständig das Handy.;perco statt perdo. In Portugal telemóvel, nicht celular.
Ponho as chaves em cima da mesa.;Ich lege die Schlüssel auf den Tisch.;ponho von pôr. Alles andere: pões, põe, pomos, põem.
Durmo sete horas por noite.;Ich schlafe sieben Stunden pro Nacht.;durmo mit u. Alles andere ist normal: dormes, dorme, dormimos, dormem.
Saio de casa às sete da manhã.;Ich gehe um sieben Uhr morgens aus dem Haus.;saio. sair de casa, aber sair para o trabalho.
chamar-se — Standardstellung;chamo-me, chamas-te, chama-se, chamamo-nos, chamam-se;Ohne Auslöserwort hängt das Pronomen hinten am Verb. Bei wir fällt das s weg: chamamo-nos.
levantar-se — Standardstellung;levanto-me, levantas-te, levanta-se, levantamo-nos, levantam-se;Bei wir fällt das s weg: levantamo-nos, nicht levantamos-nos.
sentir-se — Standardstellung;sinto-me, sentes-te, sente-se, sentimo-nos, sentem-se;Ich-Form sinto mit i. Bei wir fällt das s weg: sentimo-nos.
Nach welchen Wörtern rutscht me, te, se vor das Verb?;Immer: não, nunca, nada, ninguém, alle Fragewörter und alles, was einen Nebensatz einleitet (que, porque, quando, se). Nur wenn sie vor dem Verb stehen: sempre, também, já, só.;Ohne so ein Wort steht es hinten: chamo-me Moritz. Mit einem davor: não me chamo Pedro. Steht sempre hinter dem Verb, bleibt das Pronomen hinten: esqueço-me sempre.
Não me deito antes da meia-noite.;Ich gehe nicht vor Mitternacht schlafen.;não zieht das me nach vorn. Ohne não hieße es deito-me antes da meia-noite.
Nunca me esqueço do teu aniversário.;Ich vergesse deinen Geburtstag nie.;nunca steht vor dem Verb und zieht das me mit. Ohne nunca hieße es esqueço-me do teu aniversário.
Quando te levantas?;Wann stehst du auf?;Fragewörter ziehen das Pronomen nach vorn. Deshalb te levantas, nicht levantas-te.
Levantamo-nos sempre às sete.;Wir stehen immer um sieben auf.;Hier steht sempre hinter dem Verb, deshalb bleibt das Pronomen hinten. Und das s fällt weg: levantamo-nos.
Sei que ela se chama Marta.;Ich weiß, dass sie Marta heißt.;que zieht das se nach vorn.
Na semana passada inscrevi-me num ginásio novo.;Letzte Woche habe ich mich in einem neuen Fitnessstudio angemeldet.;Auch in der Vergangenheit hängt das Pronomen hinten an, solange kein Auslöser davorsteht.
estar a + Grundform;gerade dabei sein, etwas zu tun;Estou a trabalhar heißt ich arbeite gerade. In Brasilien sagt man estou trabalhando, in Portugal nicht.
ir + Grundform;gleich etwas tun, nahe Zukunft;Vou fazer heißt ich mache gleich. So bildet man in Portugal die Zukunft, das echte Futur farei hört man kaum.
ter + Partizip;seit einer Weile etwas tun, bis jetzt;Tenho treinado muito heißt ich trainiere zurzeit viel. Du benutzt das schon frei.
acabar de + Grundform;gerade eben etwas getan haben;Acabei de chegar heißt ich bin gerade angekommen.
costumava + Grundform;früher gewohnheitsmäßig etwas tun;Costumava correr aos domingos heißt früher lief ich sonntags immer.
devias + Grundform;du solltest;Devias concentrar-te no negócio. In Portugal ist focar reflexiv: focar-te em, nicht focar em. Formal ist devias die Erzählvergangenheit von dever, im Gespräch ersetzt sie die würde-Form.
ser — Erzählvergangenheit;era, eras, era, éramos, eram;Eine der nur vier Ausnahmen dieser Zeit.
ter — Erzählvergangenheit;tinha, tinhas, tinha, tínhamos, tinham;Eine der nur vier Ausnahmen. tinha ist sehr häufig.
vir — Erzählvergangenheit;vinha, vinhas, vinha, vínhamos, vinham;Eine der nur vier Ausnahmen.
pôr — Erzählvergangenheit;punha, punhas, punha, púnhamos, punham;Die vierte und letzte Ausnahme dieser Zeit.
Antigamente eu treinava todos os dias.;Früher habe ich jeden Tag trainiert.;Die Erzählvergangenheit beschreibt Gewohnheiten. Bei -ar-Verben endet sie auf -ava, -avas, -ava, -ávamos, -avam, bei -er und -ir auf -ia, -ias, -ia, -íamos, -iam. Achte auf den Akzent bei der wir-Form.
Wann nimmst du die Erzählvergangenheit statt der normalen Vergangenheit?;Für Zustände, Gewohnheiten und Beschreibungen. Für ein einzelnes abgeschlossenes Ereignis nimmst du die normale Vergangenheit.;Ontem fui ao cinema ist ein Ereignis. Quando era pequeno, ia ao cinema aos domingos beschreibt eine Gewohnheit.
Eu compraria o telemóvel se fosse mais barato.;Ich würde das Handy kaufen, wenn es billiger wäre.;Die würde-Form bildest du aus der ganzen Grundform plus -ia, -ias, -ia, -íamos, -iam: compraria, comeria, partiria. Bei ich würde gerne sagt man im Alltag allerdings gostava und nicht gostaria.
Wie sagt man in Portugal im Gespräch lieber statt der würde-Form?;Man nimmt die Erzählvergangenheit: gostava de ir statt gostaria de ir, podias statt poderias.;Das gilt für die gesprochene Sprache, vor allem bei gostar, poder, dever und querer. Geschrieben nimmt man die würde-Form.
Gostava de mudar-me para Portugal.;Ich würde gerne nach Portugal ziehen.;Alltagsform. Mit der würde-Form hieße es gostaria de mudar-me.
No teu lugar, não diria isso.;An deiner Stelle würde ich das nicht sagen.;diria von dizer, einer der drei Kurzstämme.
